comparison,metric,mean_a,mean_b,delta,ks_stat,p_value,cohens_d
Real Natural vs Synthetic Natural,Low-Freq Energy %,0.9571892023086548,0.9970701336860657,0.03988093137741089,0.9266666666666666,7.863678117329356e-70,1.9005690813064575
Real Medical vs Synthetic Medical,Low-Freq Energy %,0.9946693181991577,0.9944008588790894,0.0002684593200683594,0.2733333333333333,2.4455055716506633e-05,0.09113956242799759
Real Natural vs Synthetic Natural,High-Freq Energy %,0.042810820043087006,0.002929875161498785,0.03988094627857208,0.9266666666666666,7.863678117329356e-70,1.9005706310272217
Real Medical vs Synthetic Medical,High-Freq Energy %,0.005330755840986967,0.005599314346909523,0.0002685585059225559,0.2733333333333333,2.4455055716506633e-05,0.09117360413074493
Real Natural vs Synthetic Natural,Energy Ratio (Low/High),43.705772399902344,682.0531005859375,638.3473510742188,0.9266666666666666,7.863678117329356e-70,0.9709712862968445
Real Medical vs Synthetic Medical,Energy Ratio (Low/High),263.7598571777344,209.2627716064453,54.49708557128906,0.2733333333333333,2.4455055716506633e-05,0.4015774130821228
Real Natural vs Synthetic Natural,Spectral Centroid,2.583815771001106,0.7866259102995941,1.797189860701512,0.72,8.169410734405082e-38,1.5469618656199784
Real Medical vs Synthetic Medical,Spectral Centroid,0.6222470099722807,0.7387205676906122,0.11647355771833157,0.3,2.3292369663354756e-06,0.4536159780194736
