group,n,E_low_mean,E_low_std,E_high_mean,E_high_std,E_ratio_mean,centroid_mean,centroid_std,hi_power_mean
Real Medical,150,0.994669,0.003426,0.005331,0.003426,263.75986,0.622247,0.290456,101.70128
Real Natural,150,0.957189,0.029703,0.042811,0.029703,43.705776,2.583816,1.59272,469.95587
Synthetic Medical,150,0.994401,0.002394,0.005599,0.002394,209.26277,0.738721,0.219952,97.53512
Synthetic Natural,150,0.99707,0.002069,0.00293,0.002069,682.0531,0.786626,0.425094,29.90292
