comparison,mean_a,mean_b,delta_alpha,ks_stat,p_value,cohens_d
Real Natural vs Synthetic Natural,2.5561865895873392,3.3313198962104935,0.7751333066231543,0.8666666666666667,1.599926948807657e-58,2.914190198962899
Real Medical vs Synthetic Medical,2.868040221856028,3.0384051424320173,0.1703649205759894,0.5066666666666667,6.934381450873329e-18,1.071450119637457
Real Natural vs Real Medical,2.5561865895873392,2.868040221856028,0.3118536322686887,0.5933333333333334,7.58847782159937e-25,1.2971017583874933
Synthetic Natural vs Synthetic Medical,3.3313198962104935,3.0384051424320173,0.2929147537784762,0.5866666666666667,2.925235805422983e-24,1.4981462947904627
